Suite/Test/Step Name,Browser,Description,Tag,Start time,End time,Duration,Status
TestSuitesData,Chrome 87.0.4280.88,,,2020-12-27 23:52:13,2020-12-27 23:53:05,"51,106s",PASSED
,,,,,,,
Test Cases/Rejestracja nowego użytkownika/Logowanie do serwisu,Chrome 87.0.4280.88,Logowanie do automationpractice.com,,2020-12-27 23:52:15,2020-12-27 23:53:05,"49,085s",PASSED
openBrowser(rawUrl = url),Chrome 87.0.4280.88,,,2020-12-27 23:52:16,2020-12-27 23:52:49,"33,176s",PASSED
maximizeWindow(),Chrome 87.0.4280.88,,,2020-12-27 23:52:49,2020-12-27 23:52:51,"2,252s",PASSED
"click(findTestObject(""Object Repository/PageStart/button_sing_in""))",Chrome 87.0.4280.88,,,2020-12-27 23:52:51,2020-12-27 23:52:55,"3,255s",PASSED
"setText(findTestObject(""Object Repository/PageLogin/input_log_email""), email)",Chrome 87.0.4280.88,,,2020-12-27 23:52:55,2020-12-27 23:52:56,"1,049s",PASSED
"setText(findTestObject(""Object Repository/PageLogin/input_password""), password)",Chrome 87.0.4280.88,,,2020-12-27 23:52:56,2020-12-27 23:52:57,"0,910s",PASSED
"click(findTestObject(""Object Repository/PageLogin/button_sing_in""))",Chrome 87.0.4280.88,,,2020-12-27 23:52:57,2020-12-27 23:52:59,"2,611s",PASSED
