Suite/Test/Step Name,Browser,Description,Tag,Start time,End time,Duration,Status
TestSuitesData,Firefox 65.0,,,2020-12-27 23:47:43,2020-12-27 23:48:18,"35,395s",PASSED
,,,,,,,
Test Cases/Rejestracja nowego użytkownika/Logowanie do serwisu,Firefox 65.0,Logowanie do automationpractice.com,,2020-12-27 23:47:45,2020-12-27 23:48:18,"33,539s",PASSED
openBrowser(rawUrl = url),Firefox 65.0,,,2020-12-27 23:47:45,2020-12-27 23:48:04,"19,321s",PASSED
maximizeWindow(),Firefox 65.0,,,2020-12-27 23:48:04,2020-12-27 23:48:05,"0,747s",PASSED
"click(findTestObject(""Object Repository/PageStart/button_sing_in""))",Firefox 65.0,,,2020-12-27 23:48:05,2020-12-27 23:48:13,"7,337s",PASSED
"setText(findTestObject(""Object Repository/PageLogin/input_log_email""), email)",Firefox 65.0,,,2020-12-27 23:48:13,2020-12-27 23:48:14,"1,155s",PASSED
"setText(findTestObject(""Object Repository/PageLogin/input_password""), password)",Firefox 65.0,,,2020-12-27 23:48:14,2020-12-27 23:48:16,"2,267s",PASSED
"click(findTestObject(""Object Repository/PageLogin/button_sing_in""))",Firefox 65.0,,,2020-12-27 23:48:16,2020-12-27 23:48:18,"2,096s",PASSED
