Suite/Test/Step Name,Browser,Description,Tag,Start time,End time,Duration,Status
TestSuitesData,Firefox 65.0,,,2020-12-27 23:56:43,2020-12-27 23:57:22,"38,949s",PASSED
,,,,,,,
Test Cases/Rejestracja nowego użytkownika/Logowanie do serwisu,Firefox 65.0,Logowanie do automationpractice.com,,2020-12-27 23:56:45,2020-12-27 23:57:22,"36,751s",PASSED
openBrowser(rawUrl = url),Firefox 65.0,,,2020-12-27 23:56:46,2020-12-27 23:57:10,"24,460s",PASSED
maximizeWindow(),Firefox 65.0,,,2020-12-27 23:57:10,2020-12-27 23:57:10,"0,339s",PASSED
"click(findTestObject(""Object Repository/PageStart/button_sing_in""))",Firefox 65.0,,,2020-12-27 23:57:10,2020-12-27 23:57:14,"3,986s",PASSED
"setText(findTestObject(""Object Repository/PageLogin/input_log_email""), email)",Firefox 65.0,,,2020-12-27 23:57:14,2020-12-27 23:57:16,"1,376s",PASSED
"setText(findTestObject(""Object Repository/PageLogin/input_password""), password)",Firefox 65.0,,,2020-12-27 23:57:16,2020-12-27 23:57:17,"1,464s",PASSED
"click(findTestObject(""Object Repository/PageLogin/button_sing_in""))",Firefox 65.0,,,2020-12-27 23:57:17,2020-12-27 23:57:22,"4,367s",PASSED
